name;amount
Magic Hat;13
Bite;9
Dropkick;8
Fire Ball;6
Charging Headbutt;6
Headbutt;6
Tackle;6
Cannonball;5
Homerun Head Slide;5
Suprise Attack;4
RT;4
Cry;4
Shoot;4
Nobody;4
Ambusher;3
Scream;3
Poison;3
Slash;3
Boomerang;3
Fire Blast;3
Right Punch;3
Horse Stance;3
Fire Ball 2;3
Wally;3
Armstrong Style;3
Antidote;3
Burning Head Slide;3
Fire Ball 4;3
Head Slide;3
Failure;3
Fire Ball 3;3
Stimulant;3
Double Swipe;2
Magic Reflect;2
Lunatic Fridge;2
Sticky;2
Dayspa Henning;2
Ajeet Mandeep;2
TERRY HINTZ;2
Ironbody;2
Shocklord;2
Scared;2
Sleep;2
Garth;2
Whip Flurry;2
Finger Beam;2
Clip Dump;2
Magic Hat 3;2
Duffel Bag;2
Creep;2
Nipple Patch;2
Poison Mist;2
Somebody;2
Harvey;2
Finger Beam 2;2
Guard;2
Olan Hoyt;2
Cover;2
Rando;2
Left Punch;2
Mad Dog;2
Dismal Map;2
Pretty Mask;2
Sonny;2
Hide;2
Uppercut;2
Damp Poncho;2
Double Palm Thrust;2
Dojo Buster;2
Buckets;2
Rage;2
Poke;2
Garbage Map;2
Wushu Spear;2
Crush Mahone;2
Truck Slam;2
Gainer;2
Lucky Feather;2
Slice;2
Magic Hat 2;2
Barrel Bro;2
Tiger Man;2
Old Sock;2
Firebomb;2
Fireball;2
Jack;2
Killer Headbutt;2
Carp;2
Blind;2
Zipper Punches;2
Whip;2
Shag Poncho;2
Beastborn;2
Buffalo Van Dyke;2
Bicycle;2
Silence;2
Leather Poncho;2
Marty Armstrong;2
Itchy Poncho;2
Taunt;2
Resort Map;2
Attack;2
Luck Up;2
Buster Punches;2
Martlo Bow;2
BUCKETS;2
Dispel Herb;2
BRAD ARMSTRONG;2
Finger Beam 3;2
Scratch;2
Block;2
Glare;1
Vampire;1
Curse Armour;1
Stiff Richalds;1
Hells Call;1
Encourage Greatly;1
Remove all party;1
Neck Break;1
Sunsetter;1
Lights Out Forever;1
Savage Elbow 3;1
HARVEY;1
Nosey;1
Truck;1
Deep Poison Peck;1
Smile;1
Rocket Piercer;1
Wildcard;1
Terrifying Clothesline;1
Poison Bite;1
Man Laying in Grass;1
The Homer;1
Hair;1
Beast Slash;1
Ira Temple;1
Mountain Screw;1
Thigh Crippler;1
Sabre;1
Party Liquor;1
Curse Slash;1
Hoops Jardeen;1
GEESE THOMPSON;1
Mr Angoneli;1
Rising Knee;1
MAD DOG;1
Clint;1
BO WYATT;1
Zanbatou;1
Skip Dreamer;1
Note 1;1
Grope;1
Rolling Gale;1
Paralyze Breath;1
Sunscreen;1
Truck Driver;1
Spiked Pads;1
Rope;1
Bone Bow;1
Luckluster;1
Mega Rapid Arrow;1
Intimate Stab;1
Bleed;1
Forest Richards;1
Rando Buster;1
Bee Swanson;1
Dragoon;1
Wrist Slash;1
Father;1
Scary Clothesline;1
Lab Coat;1
Depression;1
Hint Lord;1
Cock Blast 4;1
Mystic Pete;1
Gwyns Bow;1
Speed Up;1
Hair whip;1
Party leave event;1
Flail;1
YAZAN;1
Top Polanski;1
Trash Bag Poncho;1
Ajeet;1
Tornado;1
Wood Staff;1
Defend;1
Many Swings;1
Joy Addiction2;1
Karate Belt;1
Hook Kick;1
Coin Flick;1
Sticky Angoneli;1
Truck Slam 2;1
Snubby;1
KOed;1
Exhuast;1
Ice II;1
Cat Lick;1
Head Rush;1
Out of Control;1
TNT;1
Dirty Stab;1
Cart Master;1
Elite Pads;1
Fluffy Wuffy;1
Silk Poncho;1
Cock Blast 3;1
Mana Drain;1
Bullet Ballet;1
Columbo;1
Trash Talk;1
RAGE;1
Buddy;1
Rustle Dropkick;1
Artist;1
Claw Attack;1
Olan;1
Black Helmet;1
Party Time;1
Water Gun 3;1
Rubble Screw;1
Sea Sea Rock;1
Nail Rake;1
Tony Flowers;1
Bustle Dropkick;1
Bloodiest Wolf;1
Blake the Snake;1
Punch;1
Yoroidoshi;1
Bullet Dance;1
Magnificent Peck;1
Slander;1
Herb;1
Spark;1
Cigarette;1
Thorn;1
Avioon;1
Beady;1
Footballer Green;1
Magician;1
Thick Pads;1
Orator;1
Fallen;1
Senton Bomb;1
CARP;1
Ghost Story;1
Water Gun 2;1
Blood Bull;1
Bullet Saw;1
Trips Breezer;1
Desperado Kick;1
Threaten;1
Dancing Serpent;1
Potato Peeler;1
Wrongful Accusation;1
Trust for Suckers;1
Thunder Force;1
Finger Beam 4;1
Deep Poison Mist;1
Jonathan;1
Wool Wristbands;1
Big Cheer;1
Kim Sex Machine;1
Mickey Neat;1
Guitar;1
Assassins Edge;1
Dead;1
Mikes Belt Buckle;1
Big Deer Driver;1
Meaty Pads;1
Camo Shawl;1
Rolling Hurricane;1
Birdie Hall;1
Critter;1
Sweet Sweet Joy Boy;1
Pink Ranger;1
Wet Stick;1
Bike Slam;1
Woo;1
Unhuman Figure;1
Eat;1
Vanish;1
USA Flag;1
Extension Cord;1
Wind;1
Cocola Cola;1
Slow Move;1
Beatdown;1
Cart Slam 2;1
Meteor Elbow Drop;1
Heavens Fist;1
BUFFALO;1
Rusty Knife;1
Float Ziggler;1
Crisp Ladaddy;1
Party leave 41;1
No Shadow Kick;1
Drinks on Me;1
Ernie Frost;1
Fly Swatter;1
Pea Shooter;1
Businessy Hat;1
Big Knuckle Drop;1
Fatty Crossbone;1
Blood Coyote;1
Walt Steamboat;1
Rooster;1
Booker Clinton;1
GARTH;1
Mithril Mace;1
Confusion Song;1
Mighty Spear;1
Juggle;1
Deer;1
Big Beatdown;1
Butch Irons;1
Koo Dragonhead;1
Employee Mark;1
Brain Removal;1
Lionessâs Fury;1
Force Wand;1
Needle;1
Onion Vodka;1
Horse Jerky;1
Redd Dillinger;1
Georgy;1
Ram;1
Vic Cherry;1
Paralyzing Whip;1
Nern;1
Joyous Fist;1
Kat Throw;1
Needle Tsunami;1
Perry Prichard;1
Big Ant;1
Stink;1
Petal;1
Winter Cap;1
Gator Clamp;1
Magic Up;1
Flare;1
Floral Shirt;1
Sear;1
Crack Ripper;1
Rapid Arrow;1
Christmas Day;1
Alive;1
Deer Toss;1
Hawk Hollywood;1
Derth Hendricks;1
Life Drain;1
Fever River 2;1
Meditate;1
Switchblade;1
Power Bomb;1
Turban;1
Howling Gyser;1
Super Guard;1
Honey Im Home;1
Tsunami Driver;1
Harmony Flynn;1
Cross Chop;1
Sweaty Mask;1
Lawyer;1
Exhaust;1
Astro Elbow Drop;1
Lumberjack Tackle;1
Party ADD 21;1
Tiger Suplex;1
Lucha;1
Truck Keys;1
Squirrel Jerky;1
Grenada 9;1
Peck;1
Big Bomb Arrow;1
Paralyzing Peck;1
Jerry Humphrey;1
Wary;1
Herman Christmas;1
DEATH;1
Heart Squeeze;1
Solid Punch;1
Bash;1
Geese;1
Wave;1
Cleave;1
Taste Blood;1
Bare Chest;1
Diary Entries;1
Doctor;1
Hunting Bow;1
Babe Ruthless;1
Oat Holiday;1
Tuesday Morning;1
Big Shot;1
Party Joyed;1
Pass Out;1
Critter Gone;1
Patriot Exploder;1
Rex Thunderstorm;1
Pissed;1
Reinforce;1
Rooster Storm;1
Tom Brightside Miller;1
Henry Wyatt;1
Judgement;1
Running Typhoon;1
Brain Chop;1
Cheese Legs;1
Nail Comb;1
Spoony Sidewalk Vee;1
Sportsman;1
Party leave 21;1
Million Cutter;1
Creepy Drawing;1
Needle Shower;1
Bore;1
Olathian Whiskey;1
Empty Bottle;1
Goldie;1
Drunkard Tumble 4;1
Blood cough;1
Savage Elbow 2;1
Zero Storm;1
Rando Poncho;1
Chanticleer;1
Blood Hawk;1
Muscle Call;1
Perplexing Drawing;1
Screeching Call;1
Big Body Splash;1
Swig;1
Wild Strike;1
X Chop;1
Deep Poison Arrow;1
Showboat;1
Mystic Juggle;1
Crimson Tide;1
Pistoleer;1
Lance Gravys;1
Playing Cards;1
Spirit Staff;1
Dainty Shawl;1
Bo;1
Questionable Drawing;1
Grasp;1
Hyper Peck;1
Sparkly Mask;1
Seriously;1
Footballer Orange;1
Paralyze;1
Stampede;1
Bag of What;1
Scott Lawson;1
Wizard Poke;1
Mans Worst Friend;1
Bag Swat;1
Diesel F Bomb;1
Fire Force;1
STICKY ANGONELI;1
Fever River 3;1
Lunatic Box;1
Laser Aldino;1
BOWS;1
Lost in thought;1
Richard Weeks;1
HP Regen;1
Nern Guan;1
Revolver;1
4 member gone 4ever;1
Kick;1
Wooden Boomerang;1
Aim;1
Legal Jargin;1
Fardy;1
Stab;1
Triple Shot;1
Han Tsunami;1
Big Fire Ball;1
Broken Boomerang;1
Thiefs Luck;1
Party Foul;1
Paint Can;1
Party leave;1
Clothesline;1
MEMBER 2;1
Nail Bat;1
Yoke up;1
Pump Up;1
Horrace;1
Tex Diablo;1
Insult;1
CASSETTES;1
Big Pancake Norton;1
Big Machine Gun Thrust;1
Thunder II;1
Wooden Bow;1
Wildman;1
Zero Shadow;1
get money test;1
Agreeable Drawing;1
Shade;1
Bottle of Dirty Water;1
Rupert Plowden;1
MEMBER 4;1
Skate Pads;1
Resist Up;1
Counterattack;1
Gods Will;1
Big Bad Knuckle Drop;1
Drunkard Tumble 2;1
Lights Out;1
Trash Bag Shawl;1
Nightmare Hold;1
SchizoWrestler;1
Smoky Bow;1
Discuss Health;1
Thunder;1
Big Swing;1
Drunkard;1
Buiscits n Gravy;1
Ramble;1
Hideous Clothesline;1
Wait;1
Stone;1
Stun;1
Tackle Rush;1
Yo Hosei;1
Bag Fire;1
Wizardly Juggle;1
Weird Doll;1
ROOSTER;1
Herman Masatoshi;1
Vernon Red;1
Get off Bike;1
CRISP LADDADY;1
Bill Pisster;1
Dolf Bones;1
Magic Evade;1
Clint Moss;1
Mana Barrier;1
BloodStained Blade;1
E Ric Sweety;1
QUEEN ROGER;1
Little Cheer;1
SHAWLS;1
Pencil;1
Stall;1
Mega Big Shot;1
Nothing;1
Restraining Order;1
Willard Dillard;1
Old Record;1
Harvey Alibastor;1
Cheetah Jersey;1
Club Strike;1
Cock Blast 2;1
Lil Nuggie;1
Breath Armour;1
Don Skin;1
Card Toss;1
Crisp;1
Dean FritzClark;1
Saint;1
RICHARD WEEKS;1
Add Bottle;1
Barbaric Rush;1
Snake;1
Charmy;1
Water Gun;1
Yell;1
Gouge;1
Vantage Point;1
Spice Simmons;1
Spell Resistance;1
Smoke Bomb;1
Ravishing Point;1
El Tigre;1
Playboy;1
Wood Pecker Pokes;1
Frogsplash;1
Cheer;1
Extorted;1
get firebombs;1
Mourner Hammer;1
Sleep Breath;1
Fly Minetti;1
Puke;1
Unhearable Call;1
Bike;1
Discuss Powers;1
Illusion of Friends;1
Piledriver;1
Iori Stevens;1
Dirty water;1
Dual Attack;1
Knuckle Voyage;1
Pervert;1
Rando Stab;1
Falling Tree;1
Mike Pun Master;1
Large Fan;1
Cool Pose;1
Oak Tree Steve;1
Nugget;1
Foreign Objection;1
Bad Mews;1
Deer Bomb;1
Joy;1
Water;1
Deep Poison Bite;1
Fish Head;1
Show Stopper;1
Berserkers Roar;1
Bullet Tornado;1
Super Cool Pose;1
Mystery Jerky;1
Iroquois Planter;1
Footballer White;1
FARDY;1
Raise II;1
Badass Belt Buckle;1
Motorbike Helmet;1
Levitate;1
Deluxe Sunscreen;1
Weep;1
Ollie Nickels;1
Big Zinger;1
Bottle Throw;1
Fairys Breath;1
Provoke;1
HEADWEAR;1
Enhance Spell;1
Triple Attack;1
Soaring Knuckle;1
Stomp;1
Mithril Rod;1
Ailment Guard;1
Weapon Break;1
Fatal Chomp;1
BRAD 2;1
Rain Poncho;1
Butter Knife;1
Louie Headliner;1
Magic Staff;1
Sluginator;1
Spark II;1
Goddess Embrace;1
Porky Roy;1
Jeffery Coommings;1
Sweet Tea Rakeem;1
Bag Inferno;1
Armed Snowman;1
Slave Lord Jim;1
Nuclear;1
Big Fireball;1
Magnificent Pose;1
Larry Sports;1
get keys;1
Finger Beam 5;1
Squirrel;1
Sisters Kiss;1
Tiger Head;1
Cosmo Cassamassa;1
Drunkard Tumble 3;1
Gon Duggan;1
Artistic Discussion;1
Dandy Hat;1
PERCY MONSOON;1
Giants Rampage;1
Suzi;1
Strong Attack;1
RANDO;1
MEMBER 3;1
Gasoline Spit;1
The Hottest Dance;1
Horrified;1
Raging Snake;1
Magic Wand Azert;1
Ernie Shozo;1
Bobby Diddle;1
Party leave 2 end;1
Odd Helmet;1
Phil Bush;1
Peer;1
Bark Bronzee;1
Cosmic Chop;1
Creed;1
Whisper;1
Big Shock;1
Satan;1
Joyed;1
Hungover;1
Final Party Time;1
Rocket Impaler;1
Dullards Call;1
Flint Lock;1
Darkness;1
Buddys Poncho;1
Roulette off;1
Hectic Waver;1
Confuse;1
Body Splash;1
Straw Hat;1
Buffalo;1
Wood Shield;1
Falling Tree Slam;1
Verbal Bash;1
Sugar Mountain;1
Uncomfortable Drawing;1
Football Pads;1
Truck Slam 3;1
Cinderblock Sluggan;1
Final Head Rush;1
Finger Beam 6;1
Sweaty Shirt;1
Joy Addiction;1
Bottle of Water;1
Blood Mountain;1
Guard Up;1
Slap;1
Ned Tanaka;1
Rager Pose;1
Randal Kieth;1
Super Puke;1
Queen Bands;1
Hollywood Hustle;1
Holiday Slam;1
Dandy Boy;1
Familiar Song;1
Defend Friend;1
Note 4;1
Bard;1
The Last Cheer;1
Demon X;1
Poisonous snake;1
Bullet Shuffle;1
Party Add event;1
Joshie Brighteyes;1
Fishermans Hat;1
Stiff Arm;1
Harley Denim;1
Escape;1
3 member gone 4ever;1
American Tornado;1
Oiled Chest;1
Queen Bee;1
Student Creed;1
Stench;1
Chakra;1
Swing;1
Lunatic Trash;1
Tree Man;1
Denim Jeans;1
Sword Bundle;1
Poison Arrow;1
Deer Driver;1
Paintbrush;1
Dick;1
Plastic Tarp;1
Mens Hair Club Presidents;1
Pushover;1
Withdrawal;1
Ice;1
Tag Team Title Belt;1
Brust Fire;1
Grin;1
Hyper HairGro;1
Drab Tank Top;1
Tsubamekaeshi;1
Big Stampede;1
Sailing Knuckle;1
Laser Agar;1
Aura Blade;1
Berserkers Dance;1
Decent Boomerang;1
Spirits Blessing;1
Critters Gone;1
Terry;1
Combat Knife;1
Creamy Cocola;1
UZI;1
AllStar Bands;1
Secret Stash;1
Pissler;1
Picnic Blanket;1
Marty;1
Valiant Edge;1
Sirens Call;1
Gods Call;1
Edwin Olaf;1
Steel Blackman;1
Super Cool;1
Party fight 2;1
Weird;1
Party Add restore;1
Red Armbands;1
Knuckle Drop;1
Bullet Guillotine;1
Eye Patch;1
Wooden Bat;1
Wrath of the Wind;1
Spiked Club;1
David Beesta;1
Flash Powder;1
Big Ladle Billy;1
Critter Clamp;1
Perfect Headspin;1
Running Splash;1
Cool;1
Savage Rush;1
Bee;1
Bag Flames;1
Christ Style Scroll;1
Double Attack;1
Huey Fujiwara;1
Kat Gone;1
Claw Dance;1
Tom Cream;1
Fire Weapon;1
Lil Diddy;1
Yazan;1
Peter Smoove;1
Bone Richards;1
Thigh Crusher;1
Toby Cream;1
Sweep;1
Tardy Hernandez;1
Burning Eagle;1
Party Boy;1
Really Bore;1
Luchador;1
Confused;1
Oiled Up;1
Bowsman;1
Joy Addiction3;1
Stevie Dean;1
Crimson Moon;1
Fever River;1
Burning;1
Mint Cloth;1
Hawaiian Poncho;1
Laugh;1
Purrfect;1
Walker OBrian;1
Cinderblock;1
Hint Lord Sweatbands;1
Cutthroat;1
Divine Breath;1
Ravishing Knife;1
Doomsday Style Scroll;1
Ollie;1
Paralyze Stare;1
Power Up;1
Devils Pads;1
Locket;1
Ice Force;1
Real Sugar Cocola Cola;1
Hot Cutter;1
Party Pose;1
Think;1
Divine Curse;1
SPEAR;1
Party leave 4;1
Cotton Wristbands;1
Toby;1
Mystery Man;1
Critter Throw;1
Cart Slam 3;1
Bo Wyatt;1
Bottle of Soup;1
Sports Entertainer;1
Joe Kansas;1
Curt Ambrose;1
Graveyard Bomb;1
Stall Out;1
Cooper Plate;1
Wet Cutter;1
Shoulder Tackle;1
Horraces Hardhat;1
Bark;1
Head Rocker;1
Super Peck;1
Savage Elbow;1
Curse Weapon;1
Hair slick;1
Nectar;1
Big slice;1
Wyatt Business King;1
Death Queen;1
Jim Corncob;1
Discuss Techniques;1
HairGro;1
Chopping Axe;1
Machine Gun Thrust;1
Casanova;1
Truck Sea;1
AJEET MANDEEP;1
Broken Man;1
Burst;1
Turquoise Pads;1
SQURRIEL;1
Ankle Slash;1
MidLife Crisis Hat;1
Gavin Davidson;1
Trick Card;1
True Ghost Story;1
Squirrelly Man;1
Iced Coffee;1
Blood Wood;1
Worn Helmet;1
SONNY;1
Fur Coat;1
Realization;1
Risky Drawing;1
Grandpas Shirt;1
Bulldozer;1
Party fight 3;1
Sleep Powder;1
Ice Weapon;1
Magic Pulse;1
Hellball;1
Space Hammer;1
Cart Slam 4;1
Hype Up;1
Party ADD 31;1
get bike test;1
Nipple;1
Quick Move;1
Three Wishes;1
Dwayne Ports;1
Musket;1
BIRDIE HALL;1
Tissue;1
Hush;1
Magic Torrent;1
Machine Gun Fist;1
QUINT OLYMPIC;1
Decapitate;1
Queen Roger;1
Over Joyed;1
TIGER;1
Kat;1
Hawk;1
Life Up;1
Chop;1
Strongly Inform;1
Deep Poison;1
Inform;1
Eastern Blade;1
Loose;1
Metal Bat;1
Party Mode;1
Satan Rush;1
Terry Hintz;1
Bag Flash;1
Sleeper Hold;1
Bernie Mantee;1
Birdie;1
Green Paste;1
War Hammer;1
Ron Farook;1
Party leave 4 end;1
Apologizes;1
Jam Out;1
Party Add;1
Walter Stingray;1
Headspin;1
Footballer Blue;1
Domestic Jerky;1
Party switch all off;1
Magic Hat 4;1
MP Regen;1
Swordsman;1
Poison Peck;1
Sharpened Curtain Rod;1
Back Rub;1
Micheal Waters;1
Trust Manual;1
Running Geyser;1
Heads or Tails;1
Rolling Hail;1
Party ADD 2;1
Taste;1
Gonzalo Style Scroll;1
Mongolian Chop;1
Drunkard Tumble;1
Flaming Man;1
Blizzard;1
Unspeakable Drawing;1
JACK;1
Metal Shield;1
Run away;1
Sports Jersey;1
Former Friend;1
Paralysis;1
Adventure Whip;1
Party fight 4;1
Perfume;1
Missle Headbutt;1
sexy dress;1
Party leave 31;1
Abyssal Hammer;1
Boulder Screw;1
The Ruler;1
Blizzard II;1
Shadowy Figure;1
Spear Work;1
Destiny Poke;1
Football Helmet;1
Muhammad Style Scroll;1
Big Bite;1
Pinwheel Slash;1
Cutoff Sweatshirt;1
Sleep Pollen;1
Confusion;1
Steel Chair;1
Warren Red;1
Weird Powder;1
Raging Sprinkle;1
Mana Up;1
Red Tide;1
Longbow;1
Eternal Title Belt;1
Pink Helmet;1
Massive Head Rush;1
Punkert;1
Encourage;1
Crying;1
Shichishitou;1
Fancy Perfume;1
Needle Typhoon;1
Percy Monsoon;1
Final Deer Driver;1
Keys;1
Party member dead;1
Dirt Kick;1
Knife Hand;1
Groin Kick;1
Buddys Mask;1
TP Regen;1
Leaf;1
Lucrative Tea;1
Palm Thrust;1
Queen;1
Blue;1
Degrading Dress;1
Strike;1
Buzzo;1
King Lord Baron;1
Bomb Arrow;1
Universe Hammer;1
Dispel;1
Cart Slam;1
Thousand Arrows;1
Final Desperado Kick;1
Truck Slam 4;1
Cousin Alfonso Christ;1
Elixir;1
Percy;1
Gale Saturn;1
Glasses;1
Critter Bite;1
NERN;1
Toolbox;1
Greaser;1
Greasy Poncho;1
Final Beatdown;1
Magic Barrier;1
Starlight;1
Cat Paw;1
Homerun KO;1
Bag of Yuck;1
Strange Man Hiding;1
Gary The Hot Soup;1
Weather Alert;1
Dry Stick;1
Cape;1
Flightless Bird;1
Great Desperado Kick;1
Pray;1
Machete;1
Peter;1
Bullet Tap;1
Note 3;1
Cock Blast;1
Kats Gone;1
Fardy Hernandez;1
Black Hole;1
Geese Thompson;1
Dirty Insult;1
Dancing Dragon;1
Sweaty Wristbands;1
Ninja Scarf;1
Deer Horn;1
Great Zaladin;1
Barbarian;1
Note 2;1
Toratouru;1
Bruno Lee;1
Biscuits n Gravy;1
Party ADD 41;1
Spiked Bat;1
Party leave 2;1
Quint Crossbone;1
Radiant Blade;1
DriveBy;1
Cat Shephard;1
Rooster Apocalypse;1
Party leave 3;1
Brad;1
Blood Bow;1
Hustle Dropkick;1
WRISTBANDS MORE;1
Clint Olympic;1
Employee Chris;1
Diet Cocola Cola;1
Club;1
KNIFE;1
Rage Ironhead;1
Hot Dance;1
Drunk;1
Pea Gun Fist;1
Marco Hitoshi;1
Quake;1
Rocket Skewer;1
Wonder Wizard;1
Studded Bands;1
Hassou;1
Rooster Coleman;1
Ultra Peck;1
Party leave 3 end;1
Atlanta Gunn;1
Rando Bomb;1
Restrengthen;1
Childs Blanket;1
Beauty;1
Dancing Devil;1
Ground Breaker;1
MP Cost Down;1
Atlanta Slam;1
Nightmare;1
Potato Liquor;1
Ouka Mugen jin;1
Shintou Mekkyaku;1
Reigin no Tachi;1
Armour Break;1
Tiger Stance;1
Sergei Rage;1
Thunder Weapon;1
Fly;1
MENU GRAPHIC FIX;1
Cotton Shawl;1
Bird Mask;1
Triple Tap;1
Grandmas Shawl;1
DICK RANGER;1
Arrow;1
Yazim;1
Dead Flower;1
Soak;1
Rage build;1
Rando Ration;1
Bear Hug;1
Peacemaker;1
Thigh Cracker;1
Buffalo Charge;1
